OD;AUTOR;UO;NUMERO;CODACAO;NOMEACAO;SUBACAO;GD;MA;MUNICIPIO;OBJETO;VALOR;EMALTERACAO;INSTRUMENTO
O;Dep. Renato Antunes;Fundo Estadual de Defesa dos Direitos da Criança e do Adolescente;50100;146;Apoio às Ações de Atendimento à Criança e ao Adolescente;ENLA;44;50;Recife;Destina-se ao acolhimento de crianças e adolescentes, com a promoção de cursos de informática, esportes, reforço escolar, através Instituto DRACMA DO BRASIL inscrito no CNPJ: 56.303.012/0001-40.;50000,0;SIM;
D;Dep. Jarbas Filho;Fundo Estadual de Defesa dos Direitos da Criança e do Adolescente;80062;146;Apoio às Ações de Atendimento à Criança e ao Adolescente;;33;50;Recife;Manutenção do Canto Coral do Caixa de Natal, executada pelo Centro de Estudos e Ações em Direitos Humanos - A COLHER, CNPJ nº 07.817.329/0001-99, que utiliza a música como transformação social de 40 crianças em situação de vulnerabilidade e abandono nas comunidades do grande Recife. ;50000,0;SIM;
O;Dep. Abimael Santos;Secretaria de Assistência Social, Combate à Fome e Políticas sobre Drogas - Administração Direta;133;2013;Implantação e Reforma dos Equipamentos e Serviços Sociais;EMBI;44;50;Abreu e Lima;A presente Emenda no valor de R$ 200.000,00 (duzentos mil reais), para ser aplicada na Associação Evangélica Novas da Paz, CNPJ 05.469.914/0001-10, na reforma e ampliação da sede e dos anexos.;200000,0;SIM;
D;Dep. Abimael Santos;Secretaria de Assistência Social, Combate à Fome e Políticas sobre Drogas - Administração Direta;80016;2013;Implantação e Reforma dos Equipamentos e Serviços Sociais;;44;50;Abreu e Lima;A presente Emenda no valor de R$ 200.000,00 (duzentos mil reais), para ser aplicada na ARCA MISSIONARIA INSTITUTO –AMI  CNPJ 05.469.914/0001-10, na reforma e ampliação da sede e dos anexos.;200000,0;SIM;
O;Dep. Nino de Enoque;Fundo Estadual de Saúde - FES-PE - Administração Direta;10122;2393;Garantia da Oferta de Procedimentos de Média e Alta Complexidade Ambulatorial e Hospitalar - Rede Própria sob Gestão Estadual;EN68;44;50;Moreno;Visa melhorar a saúde da população do Moreno, inscrito sobre o CNPJ Instituto de Gestão Social de Pernambuco.;267000,0;SIM;
O;Dep. Nino de Enoque;Fundo Estadual de Saúde - FES-PE - Administração Direta;70013;2393;Garantia da Oferta de Procedimentos de Média e Alta Complexidade Ambulatorial e Hospitalar - Rede Própria sob Gestão Estadual;ENQ6;33;50;Recife;A emenda visa trazer melhorias para o Hospital - Sociedade Hospitalar Beneficiente Maria Vitória -CNJP: 09.107.623/0002-13.  ;128200,0;SIM;
O;Dep. Renato Antunes;Fundo Estadual de Saúde - FES-PE - Administração Direta;80098;2393;Garantia da Oferta de Procedimentos de Média e Alta Complexidade Ambulatorial e Hospitalar - Rede Própria sob Gestão Estadual;;44;90;Recife;Destina-se à aquisição de equipamentos para atuação do Hospital Universitário Oswaldo Cruz (HUOC) é 11.022.597/0013-25, contribuindo para a ampliação e qualificação dos serviços prestados à população em situação de vulnerabilidade social.;17050,0;SIM;
D;Dep. Nino de Enoque;Fundo Estadual de Saúde - FES-PE - Administração Direta;80046;2393;Garantia da Oferta de Procedimentos de Média e Alta Complexidade Ambulatorial e Hospitalar - Rede Própria sob Gestão Estadual;;44;50;Moreno;Visa melhorar a saúde da população de Moreno sobre o CNPJ: 35.667.831/0002-87 - Instituto Gestão Social de PE;267000,0;SIM;
D;Dep. Renato Antunes;Fundo Estadual de Saúde - FES-PE - Administração Direta;80098;2393;Garantia da Oferta de Procedimentos de Média e Alta Complexidade Ambulatorial e Hospitalar - Rede Própria sob Gestão Estadual;;44;90;Recife;Destina-se à aquisição de equipamentos para atuação do Hospital Universitário Oswaldo Cruz (HUOC) é 11.022.597/0013-25, contribuindo para a ampliação e qualificação dos serviços prestados à população em situação de vulnerabilidade social.;100000,0;SIM;
D;Dep. Renato Antunes;Fundo Estadual de Saúde - FES-PE - Administração Direta;80100;2393;Garantia da Oferta de Procedimentos de Média e Alta Complexidade Ambulatorial e Hospitalar - Rede Própria sob Gestão Estadual;;44;90;Recife;Destina-se à aquisição de equipamentos para atuação do HOSPITAL OTAVIO DE FREITAS, inscrito no CNPJ: 10572048000470, contribuindo para a ampliação e qualificação dos serviços prestados à população em situação de vulnerabilidade social.;45250,0;SIM;
O;Dep. Claudiano Martins Filho;Fundo Estadual de Saúde - FES-PE - Administração Direta;60079;2396;Garantia da Oferta de Procedimentos de Média e Alta Complexidade Ambulatorial e Hospitalar - Transferência a Consórcios, Hospitais de ensino, Municípios e União;ENMC;33;41;Manari;A presente emenda visa custear despesas operacionais, locação de carros e  aquisição de insumos que garantam funcionamento adequado dos serviços essenciais do município através do Fundo Municipal de Saúde, CNPJ 11.819.732/0001-24.     ;438200,0;SIM;
O;Dep. Claudiano Martins Filho;Fundo Estadual de Saúde - FES-PE - Administração Direta;60078;2396;Garantia da Oferta de Procedimentos de Média e Alta Complexidade Ambulatorial e Hospitalar - Transferência a Consórcios, Hospitais de ensino, Municípios e União;ENMB;33;41;Exú;A presente emenda visa custear despesas operacionais, locação de carros e  aquisição de insumos que garantam funcionamento adequado dos serviços essenciais do município através do Fundo Municipal CNPJ 09.218.925/0001-88.     ;100000,0;SIM;
O;Dep. Jarbas Filho;Fundo Estadual de Saúde - FES-PE - Administração Direta;60080;2396;Garantia da Oferta de Procedimentos de Média e Alta Complexidade Ambulatorial e Hospitalar - Transferência a Consórcios, Hospitais de ensino, Municípios e União;ENMX;44;41;Dormentes;Aquisição de equipamento de imagem/radiologia para dar continuidade aos atendimentos do Hospital Municipal Nossa Senhora da Paz, mantido pelo Fundo Municipal de Saúde de Dormentes, CNPJ nº 11.207.731/0001-29.;150000,0;SIM;
O;Dep. Joel da Harpa;Fundo Estadual de Saúde - FES-PE - Administração Direta;50098;2396;Garantia da Oferta de Procedimentos de Média e Alta Complexidade Ambulatorial e Hospitalar - Transferência a Consórcios, Hospitais de ensino, Municípios e União;ENK6;33;41;Capoeiras;Custear as despesas operacionais, locação de carros, aquisição de materiais e insumos que garantam o funcionamento adequado dos serviços através do fundo Municipal de Saúde de Capoeiras. CNPJ:  08 .807.619/0001-14;270000,0;SIM;
D;Dep. Jarbas Filho;Fundo Estadual de Saúde - FES-PE - Administração Direta;80012;2396;Garantia da Oferta de Procedimentos de Média e Alta Complexidade Ambulatorial e Hospitalar - Transferência a Consórcios, Hospitais de ensino, Municípios e União;;44;41;Dormentes;Aquisição de equipamento e/ou veículo para as atividades do Hospital Municipal Nossa Senhora da Paz, mantido pelo Fundo Municipal de Saúde de Dormentes, CNPJ nº 11.207.731/0001-29.;150000,0;SIM;
D;Dep. Jarbas Filho;Fundo Estadual de Saúde - FES-PE - Administração Direta;80012;2396;Garantia da Oferta de Procedimentos de Média e Alta Complexidade Ambulatorial e Hospitalar - Transferência a Consórcios, Hospitais de ensino, Municípios e União;;44;41;Dormentes;Aquisição de equipamento e/ou veículo para as atividades do Hospital Municipal Nossa Senhora da Paz, mantido pelo Fundo Municipal de Saúde de Dormentes, CNPJ nº 11.207.731/0001-29.;50000,0;SIM;
D;Dep. Jarbas Filho;Fundo Estadual de Saúde - FES-PE - Administração Direta;20032;2396;Garantia da Oferta de Procedimentos de Média e Alta Complexidade Ambulatorial e Hospitalar - Transferência a Consórcios, Hospitais de ensino, Municípios e União;EN8T;33;41;Afrânio;Custeio das atividades e atendimentos do Hospital Municipal Maria Coelho Cavalcanti Rodrigues,  mantido pelo Fundo Municipal de Saúde de Afrânio, CNPJ nº 10.358.174/0001-84.;50000,0;SIM;
D;Dep. Jarbas Filho;Fundo Estadual de Saúde - FES-PE - Administração Direta;50008;2396;Garantia da Oferta de Procedimentos de Média e Alta Complexidade Ambulatorial e Hospitalar - Transferência a Consórcios, Hospitais de ensino, Municípios e União;ENM3;33;41;Machados;Custear as ações de saúde em benefício da população do município de Machados, através do Fundo Municipal de Saúde, CNPJ nº 08.194.799/0001-06.;50000,0;SIM;
D;Dep. Joel da Harpa;Fundo Estadual de Saúde - FES-PE - Administração Direta;80028;2396;Garantia da Oferta de Procedimentos de Média e Alta Complexidade Ambulatorial e Hospitalar - Transferência a Consórcios, Hospitais de ensino, Municípios e União;;33;41;Capoeiras;Custear as despesas operacionais, aquisição de materiais e insumos que garantam o funcionamento adequado dos serviços através do fundo Municipal de Saúde de Capoeiras. CNPJ: 08 .807.619/0001-14;500000,0;SIM;
D;Dep. Romero Sales Filho;Fundo Estadual de Saúde - FES-PE - Administração Direta;70006;2396;Garantia da Oferta de Procedimentos de Média e Alta Complexidade Ambulatorial e Hospitalar - Transferência a Consórcios, Hospitais de ensino, Municípios e União;ENQH;33;41;São José da Coroa Grande;A emenda visa garantir a execução de procedimentos de média e alta complexidade nas unidades de saúde do município.;58200,0;SIM;
D;Dep. Romero Sales Filho;Fundo Estadual de Saúde - FES-PE - Administração Direta;70006;2396;Garantia da Oferta de Procedimentos de Média e Alta Complexidade Ambulatorial e Hospitalar - Transferência a Consórcios, Hospitais de ensino, Municípios e União;ENQH;33;41;São José da Coroa Grande;A emenda visa garantir a execução de procedimentos de média e alta complexidade nas unidades de saúde do município.;100000,0;SIM;
O;Dep. Aglailson Victor;Fundo Estadual de Saúde - FES-PE - Administração Direta;30023;3126;Aquisição de Medicamentos e Insumos Farmacêuticos;ENA4;33;50;Vitória de Santo Antão;Emenda destinada para aquisição de medicamentos para a Associação de Proteção à Maternidade e à Infância da Vitória de Santo Antão – APAMI, com sede à Rua Dr. José Augusto, nº 645, Matriz, Vitória de Santo Antão/PE, CEP 55.612-010, inscrita no Cadastro Nacional da Pessoa Jurídica CNPJ/MF sob o nº 11.683.174/0001-12.;120000,0;SIM;
O;Dep. Gilmar Júnior;Fundo Estadual de Saúde - FES-PE - Administração Direta;589;3126;Aquisição de Medicamentos e Insumos Farmacêuticos;EMNB;33;50;Jaboatão dos Guararapes;Aquisição de medicamentos e insumos farmacêuticos para o HOSPITAL GUARARAPES, CNPJ: 10.072.296/0004-52, para melhoria do atendimento já prestado pela unidade de saúde, localizada no município de Jaboatão dos Guararapes.;30000,0;SIM;
O;Dep. Gilmar Júnior;Fundo Estadual de Saúde - FES-PE - Administração Direta;589;3126;Aquisição de Medicamentos e Insumos Farmacêuticos;EMNB;33;50;Jaboatão dos Guararapes;Aquisição de medicamentos e insumos farmacêuticos para o HOSPITAL GUARARAPES, CNPJ: 10.072.296/0004-52, para melhoria do atendimento já prestado pela unidade de saúde, localizada no município de Jaboatão dos Guararapes.;10000,0;SIM;
O;Dep. Gilmar Júnior;Fundo Estadual de Saúde - FES-PE - Administração Direta;720;3126;Aquisição de Medicamentos e Insumos Farmacêuticos;EMQO;33;50;Recife;AQUISIÇÃO DE MEDICAMENTOS E INSUMOS FARMACÊUTICOS PARA O INSTITUTO DE APOIO SOCIOASSISTENCIAL DE PERNAMBUCO - IASPE, CNPJ: 03.415.400/0001-56.;10000,0;SIM;
O;Dep. Izaías Régis;Fundo Estadual de Saúde - FES-PE - Administração Direta;30142;3126;Aquisição de Medicamentos e Insumos Farmacêuticos;END6;33;41;Arcoverde;Promover o muniicpio de Arcoverde , melhorando a qualidade de vida da população, ampliando a aquisção de medicamentos e insumos para as Unidades hospitalares;526400,0;SIM;
O;Dep. Jarbas Filho;Fundo Estadual de Saúde - FES-PE - Administração Direta;20040;3126;Aquisição de Medicamentos e Insumos Farmacêuticos;EN91;33;50;Recife;Reforma e Equipagem da sede do Centro de Tratamento da Dor, CNPJ nº 49.576.741/0001-04, localizado no município do Recife/PE.   Reforma e Equipagem da sede do Centro de Tratamento da Dor, CNPJ nº 49.576.741/0001-04, localizado no município do Recife/PE.   Reforma e Equipagem da sede do Centro de Tratamento da Dor, CNPJ nº 49.576.741/0001-04, localizado no município do Recife/PE.   ;50000,0;SIM;
O;Dep. Jarbas Filho;Fundo Estadual de Saúde - FES-PE - Administração Direta;20040;3126;Aquisição de Medicamentos e Insumos Farmacêuticos;EN91;33;50;Recife;Reforma e Equipagem da sede do Centro de Tratamento da Dor, CNPJ nº 49.576.741/0001-04, localizado no município do Recife/PE.   Reforma e Equipagem da sede do Centro de Tratamento da Dor, CNPJ nº 49.576.741/0001-04, localizado no município do Recife/PE.   Reforma e Equipagem da sede do Centro de Tratamento da Dor, CNPJ nº 49.576.741/0001-04, localizado no município do Recife/PE.   ;50000,0;SIM;
O;Dep. Jarbas Filho;Fundo Estadual de Saúde - FES-PE - Administração Direta;20040;3126;Aquisição de Medicamentos e Insumos Farmacêuticos;EN91;33;50;Recife;Reforma e Equipagem da sede do Centro de Tratamento da Dor, CNPJ nº 49.576.741/0001-04, localizado no município do Recife/PE.   Reforma e Equipagem da sede do Centro de Tratamento da Dor, CNPJ nº 49.576.741/0001-04, localizado no município do Recife/PE.   Reforma e Equipagem da sede do Centro de Tratamento da Dor, CNPJ nº 49.576.741/0001-04, localizado no município do Recife/PE.   ;50000,0;SIM;
O;Dep. Jarbas Filho;Fundo Estadual de Saúde - FES-PE - Administração Direta;20040;3126;Aquisição de Medicamentos e Insumos Farmacêuticos;EN91;33;50;Recife;Reforma e Equipagem da sede do Centro de Tratamento da Dor, CNPJ nº 49.576.741/0001-04, localizado no município do Recife/PE.   Reforma e Equipagem da sede do Centro de Tratamento da Dor, CNPJ nº 49.576.741/0001-04, localizado no município do Recife/PE.   Reforma e Equipagem da sede do Centro de Tratamento da Dor, CNPJ nº 49.576.741/0001-04, localizado no município do Recife/PE.   ;50000,0;SIM;
O;Dep. Jarbas Filho;Fundo Estadual de Saúde - FES-PE - Administração Direta;20040;3126;Aquisição de Medicamentos e Insumos Farmacêuticos;EN91;33;50;Recife;Reforma e Equipagem da sede do Centro de Tratamento da Dor, CNPJ nº 49.576.741/0001-04, localizado no município do Recife/PE.   Reforma e Equipagem da sede do Centro de Tratamento da Dor, CNPJ nº 49.576.741/0001-04, localizado no município do Recife/PE.   Reforma e Equipagem da sede do Centro de Tratamento da Dor, CNPJ nº 49.576.741/0001-04, localizado no município do Recife/PE.   ;50000,0;SIM;
O;Dep. Jarbas Filho;Fundo Estadual de Saúde - FES-PE - Administração Direta;20040;3126;Aquisição de Medicamentos e Insumos Farmacêuticos;EN91;33;50;Recife;Reforma e Equipagem da sede do Centro de Tratamento da Dor, CNPJ nº 49.576.741/0001-04, localizado no município do Recife/PE.   Reforma e Equipagem da sede do Centro de Tratamento da Dor, CNPJ nº 49.576.741/0001-04, localizado no município do Recife/PE.   Reforma e Equipagem da sede do Centro de Tratamento da Dor, CNPJ nº 49.576.741/0001-04, localizado no município do Recife/PE.   ;300000,0;SIM;
O;Dep. Jarbas Filho;Fundo Estadual de Saúde - FES-PE - Administração Direta;20040;3126;Aquisição de Medicamentos e Insumos Farmacêuticos;EN91;33;50;Recife;Reforma e Equipagem da sede do Centro de Tratamento da Dor, CNPJ nº 49.576.741/0001-04, localizado no município do Recife/PE.   Reforma e Equipagem da sede do Centro de Tratamento da Dor, CNPJ nº 49.576.741/0001-04, localizado no município do Recife/PE.   Reforma e Equipagem da sede do Centro de Tratamento da Dor, CNPJ nº 49.576.741/0001-04, localizado no município do Recife/PE.   ;71800,0;SIM;
D;Dep. Claudiano Martins Filho;Fundo Estadual de Saúde - FES-PE - Administração Direta;80011;3126;Aquisição de Medicamentos e Insumos Farmacêuticos;;33;41;Manari;A presente emenda destina-se ao referido município para aquisição de medicamentos e insumos no intuito de melhorar a qualidade do serviço oferecido pelas unidades de saúde da localidade.   ;438200,0;SIM;
D;Dep. Claudiano Martins Filho;Fundo Estadual de Saúde - FES-PE - Administração Direta;80036;3126;Aquisição de Medicamentos e Insumos Farmacêuticos;;33;41;Exú;A presente emenda destina- se ao município de Ex para aquisição de insumos e medicamentos no intuito de melhorar a qualidade do serviço oferecido pelas unidades de saúde da região.;100000,0;SIM;
D;Dep. Jarbas Filho;Fundo Estadual de Saúde - FES-PE - Administração Direta;20040;3126;Aquisição de Medicamentos e Insumos Farmacêuticos;EN91;33;50;Recife;Reforma e Equipagem da sede do Centro de Tratamento da Dor, CNPJ nº 49.576.741/0001-04, localizado no município do Recife/PE.   Reforma e Equipagem da sede do Centro de Tratamento da Dor, CNPJ nº 49.576.741/0001-04, localizado no município do Recife/PE.   Reforma e Equipagem da sede do Centro de Tratamento da Dor, CNPJ nº 49.576.741/0001-04, localizado no município do Recife/PE.   ;130000,0;SIM;
D;Dep. Jarbas Filho;Fundo Estadual de Saúde - FES-PE - Administração Direta;20040;3126;Aquisição de Medicamentos e Insumos Farmacêuticos;EN91;33;50;Recife;Reforma e Equipagem da sede do Centro de Tratamento da Dor, CNPJ nº 49.576.741/0001-04, localizado no município do Recife/PE.   Reforma e Equipagem da sede do Centro de Tratamento da Dor, CNPJ nº 49.576.741/0001-04, localizado no município do Recife/PE.   Reforma e Equipagem da sede do Centro de Tratamento da Dor, CNPJ nº 49.576.741/0001-04, localizado no município do Recife/PE.   ;150000,0;SIM;
D;Dep. Jarbas Filho;Fundo Estadual de Saúde - FES-PE - Administração Direta;20040;3126;Aquisição de Medicamentos e Insumos Farmacêuticos;EN91;33;50;Recife;Reforma e Equipagem da sede do Centro de Tratamento da Dor, CNPJ nº 49.576.741/0001-04, localizado no município do Recife/PE.   Reforma e Equipagem da sede do Centro de Tratamento da Dor, CNPJ nº 49.576.741/0001-04, localizado no município do Recife/PE.   Reforma e Equipagem da sede do Centro de Tratamento da Dor, CNPJ nº 49.576.741/0001-04, localizado no município do Recife/PE.   ;130000,0;SIM;
D;Dep. Jarbas Filho;Fundo Estadual de Saúde - FES-PE - Administração Direta;20040;3126;Aquisição de Medicamentos e Insumos Farmacêuticos;EN91;33;50;Recife;Reforma e Equipagem da sede do Centro de Tratamento da Dor, CNPJ nº 49.576.741/0001-04, localizado no município do Recife/PE.   Reforma e Equipagem da sede do Centro de Tratamento da Dor, CNPJ nº 49.576.741/0001-04, localizado no município do Recife/PE.   Reforma e Equipagem da sede do Centro de Tratamento da Dor, CNPJ nº 49.576.741/0001-04, localizado no município do Recife/PE.   ;200000,0;SIM;
D;Dep. Jarbas Filho;Fundo Estadual de Saúde - FES-PE - Administração Direta;20040;3126;Aquisição de Medicamentos e Insumos Farmacêuticos;EN91;33;50;Recife;Reforma e Equipagem da sede do Centro de Tratamento da Dor, CNPJ nº 49.576.741/0001-04, localizado no município do Recife/PE.   Reforma e Equipagem da sede do Centro de Tratamento da Dor, CNPJ nº 49.576.741/0001-04, localizado no município do Recife/PE.   Reforma e Equipagem da sede do Centro de Tratamento da Dor, CNPJ nº 49.576.741/0001-04, localizado no município do Recife/PE.   ;70000,0;SIM;
D;Dep. Joaquim Lira;Fundo Estadual de Saúde - FES-PE - Administração Direta;50055;3126;Aquisição de Medicamentos e Insumos Farmacêuticos;ENIH;33;50;Petrolândia;Ajuda no Custeio para o INSTITUTO BENEFICENTE VALE DO SÃO FRANCISCO - IBVASF, inscrito no CNPJ nº. 35.445.998/0001-12;100000,0;SIM;
O;Dep. Diogo Moraes;Instituto Agronômico de Pernambuco - IPA;70009;3258;Fomento à Atividade Agropecuária e ao Fortalecimento da Agricultura Familiar (PEAAF), da Agroecologia e da Produção Orgânica do Instituto Agronômico de Pernambuco;ENP0;33;90;Santa Cruz do Capibaribe;Transferência Especial.;105900,0;SIM;
O;Dep. Edson Vieira;Instituto Agronômico de Pernambuco - IPA;684;3258;Fomento à Atividade Agropecuária e ao Fortalecimento da Agricultura Familiar (PEAAF), da Agroecologia e da Produção Orgânica do Instituto Agronômico de Pernambuco;EMPR;44;90;Brejo da Madre de Deus;Aquisição de veículo utilitário popular ao Instituto Agronômo de Pernambuco - IPA, a fim de doação para o fortalecimento da agricultura familiar, tendo como beneficiário o Conselho de Moradores de São Domingos, CNPJ: 12.658.043/0001-48, com endereço à Rua São João, 59, Distrito de São Domingos - Brejo da Madre de Deus - CEP: 55.178-000, Presidente Hilário Paulo da Silva, telefone: 81-99897-5455.;80000,0;SIM;
D;Dep. Diogo Moraes;Instituto Agronômico de Pernambuco - IPA;80044;3258;Fomento à Atividade Agropecuária e ao Fortalecimento da Agricultura Familiar (PEAAF), da Agroecologia e da Produção Orgânica do Instituto Agronômico de Pernambuco;;33;90;Santa Cruz do Capibaribe;Aporte financeiro para ampliação das ações da atividade agropecuária por meio de contratação de maquinário agrícola.;105900,0;SIM;
D;Dep. Edson Vieira;Instituto Agronômico de Pernambuco - IPA;80049;3258;Fomento à Atividade Agropecuária e ao Fortalecimento da Agricultura Familiar (PEAAF), da Agroecologia e da Produção Orgânica do Instituto Agronômico de Pernambuco;;44;50;Brejo da Madre de Deus;Aquisição de um veículo utilitário popular para fomentar a agricultura familiar, através do Conselho de Moradores de São Domingos, CNPJ: 12.658.043/0001-48, com endereço à Rua São João, 59, Distrito de São Domingos - Brejo da Madre de Deus - CEP: 55.178-000, Presidente Hilário Paulo da Silva, telefone: 81-99897-5455.;80000,0;SIM;
O;Dep. Abimael Santos;Secretaria de Defesa Social - Administração Direta;143;333;Reaparelhamento Operacional das Unidades de Segurança;EMBS;44;50;Santa Cruz do Capibaribe;A presente Emenda no valor de R$ 200.000,00 (duzentos mil reais), destina-se ao Sindicato dos Guardas Municipais e Agentes de Trânsito do Agreste de Pernambuco -- SINMAG/PE, CNPJ nº 12.047.507/0001-80, para a realização de investimentos.;200000,0;SIM;
O;Dep. Joel da Harpa;Secretaria de Defesa Social - Administração Direta;548;333;Reaparelhamento Operacional das Unidades de Segurança;EMMB;44;90;Santa Maria da Boa Vista;Emenda destinada para a compra de uma VAN que terá como objetivo o transporte da tropa do 7° CIPM ;268200,0;SIM;
D;Dep. Abimael Santos;Secretaria de Defesa Social - Administração Direta;80013;333;Reaparelhamento Operacional das Unidades de Segurança;;44;41;Santa Cruz do Capibaribe;A presente Emenda no valor de R$ 200.000,00 (duzentos mil reais), destina-se a Prefeitura Municipal de Santa Cruz do Capibaribe, CNPJ  nº 10.091.569/0001-63, para ser aplicada pela Secretaria de Defesa Social do Município de Santa Cruz do Capibaribe, no reaparelhamento da Guarda Municipal e Agentes de Trânsito.;200000,0;SIM;
D;Dep. Joel da Harpa;Secretaria de Defesa Social - Administração Direta;80025;333;Reaparelhamento Operacional das Unidades de Segurança;;33;90;Santa Maria da Boa Vista;Emenda destinada para compra de uma VAN, que terá como objetivo o transporte da tropa  do 7° CIPM.;268200,0;SIM;
O;Dep. Henrique Queiroz Filho;Fundo Estadual de Saúde - FES-PE - Administração Direta;70067;3647;Ações e Serviços Públicos de Saúde Prestados pela Fundação de Hematologia e Hemoterapia de Pernambuco - HEMOPE;ENPH;44;90;Limoeiro;Emenda destina-se à aquisição de equipamentos que serão utilizados nas instalações do Hemope na cidade de Limoeiro. CNPJ: 10.564.953/0001-36.;90000,0;SIM;
D;Dep. Henrique Queiroz Filho;Fundo Estadual de Saúde - FES-PE - Administração Direta;80059;3647;Ações e Serviços Públicos de Saúde Prestados pela Fundação de Hematologia e Hemoterapia de Pernambuco - HEMOPE;;44;91;Limoeiro;Emenda destina-se à aquisição de equipamentos que serão utilizados nas instalações do Hemope na cidade de Limoeiro. CNPJ: 10.564.953/0001-36.;90000,0;SIM;
O;Dep. Simone Santana;Fundo Estadual de Saúde - FES-PE - Administração Direta;35;3648;Ações e Serviços Públicos de Saúde Prestados pela Universidade de Pernambuco - UPE;EM8W;33;91;Recife;A emenda se destina ao CISAM - Centro Universitário Integrado de Saúde Amaury de Medeiros/UPE para ações e serviços públicos de saúde prestados pela Universidade de Pernambuco - UPE, no valor de R$ 80.000,00.;80000,0;SIM;
D;Dep. Simone Santana;Fundo Estadual de Saúde - FES-PE - Administração Direta;80009;3648;Ações e Serviços Públicos de Saúde Prestados pela Universidade de Pernambuco - UPE;;33;91;Recife;Custeio para aquisição de tintas especiais (hospitalares) com vistas a implementar as ações com melhoria na ambiência dos setores destinados a Assistência Ambulatorial e hospitalar.;80000,0;SIM;
O;Dep. Doriel Barros;Fundo Estadual de Assistência Social - FEAS;802;4050;Apoio à População em Situação de Vulnerabilidade;EMSV;33;50;Garanhuns;Esta emenda tem como objetivo apoiar a população do município em situação de vulnerabilidade, por meio das ações do Centro Educacional Santo Antônio (CNPJ nº 07.170.495/0001-46).;106400,0;SIM;
O;Dep. Jarbas Filho;Fundo Estadual de Assistência Social - FEAS;40136;4050;Apoio à População em Situação de Vulnerabilidade;ENGL;33;41;Paranatama;Desenvolver ações que propiciem apoio à população em situação de vulnerabilidade no município de Paranatama.;25000,0;SIM;
D;Dep. Doriel Barros;Fundo Estadual de Assistência Social - FEAS;80078;4050;Apoio à População em Situação de Vulnerabilidade;;44;50;Garanhuns;A presente emenda tem por objetivo apoiar a população do município em situação de vulnerabilidade, mediante a melhoria da infraestrutura do Centro Educacional Santo Antônio (CNPJ nº 07.170.495/0001-46).;106400,0;SIM;
D;Dep. Romero Sales Filho;Fundo Estadual de Assistência Social - FEAS;60083;4050;Apoio à População em Situação de Vulnerabilidade;ENOA;33;50;Jaboatão dos Guararapes;A emenda visa a auxiliar a entidade sem fins lucrativos AMBA - Associação dos Moradores de Buenos Aires, sediada em Candeias, Joaboatão dos Guararapes, inscrita no CNPJ N. 41.089.855/0001-18, no desempenho de suas atividades.;25000,0;SIM;
O;Dep. Cléber Chaparral;Fundação do Patrimônio Histórico e Artístico de Pernambuco - FUNDARPE;831;4117;Difusão e Fruição da Cultura;EMTO;44;50;Timbaúba;A emenda visa a auxiliar a entidade sem fins lucrativos SOCIEDADE DE CULTURA E MÚSICAL 1 DE NOVEMBRO, inscrita no CNPJ N. 11.288.784/0001-11, na realização de investimentos.;70000,0;SIM;
O;Dep. João Paulo;Fundação do Patrimônio Histórico e Artístico de Pernambuco - FUNDARPE;326;4117;Difusão e Fruição da Cultura;EMG7;44;50;Aliança;Prover recursos financeiros para a aquisição de equipamentos tecnológicos e materiais permanentes de escritório e exposição para a requalificação da Associação dos Produtores de Artesanato do Município de Aliança - APROART CNPJ: 05.846.561/0001-20 ;25000,0;SIM;
O;Dep. Rosa Amorim;Fundação do Patrimônio Histórico e Artístico de Pernambuco - FUNDARPE;40137;4117;Difusão e Fruição da Cultura;ENF0;33;50;Recife;Emenda se destina ao INSTITUTO POPULAR FREI CANECA - CNPJ: 22.225.955/0001-80, para realizações de curso de formação para o fortalecimento da população. ;41000,0;SIM;
D;Dep. Nino de Enoque;Fundação do Patrimônio Histórico e Artístico de Pernambuco - FUNDARPE;80077;4117;Difusão e Fruição da Cultura;;33;50;Recife;A emenda visa colaborar com a incrementação de ações , vídeos e publicações que envolvem a área Cultural da ABCCRIM - CNPJ: 30.956.784/0001-97;76000,0;SIM;
D;Dep. Rosa Amorim;Fundação do Patrimônio Histórico e Artístico de Pernambuco - FUNDARPE;80097;4117;Difusão e Fruição da Cultura;;33;50;Petrolina;Emenda se destina para ASSOCIAÇÃO MÃOS SOLIDARIAS PETROLINA - CNPJ: 59.268.618/0001-80, para realizações de curso de formação para o fortalecimento da população. ;60000,0;SIM;
O;Dep. Rodrigo Farias;Secretaria de Desenvolvimento Agrário, Agricultura, Pecuária e Pesca - Administração Direta;1131;4145;Fomento à Atividade Agropecuária e ao Fortalecimento da Agricultura Familiar (PEAAF), da Agroecologia e da Produção Orgânica;EN20;44;90;Caetés;A presente emenda visa a aquisição de trator ao Instituto Agronômico de Pernambuco - IPA, a fim de doação à Associação Ruralista Comunitária do Sítio Riacho Fundo. CNPJ 09.234.518/0001-64;400000,0;SIM;
O;Dep. Rodrigo Farias;Secretaria de Desenvolvimento Agrário, Agricultura, Pecuária e Pesca - Administração Direta;1133;4145;Fomento à Atividade Agropecuária e ao Fortalecimento da Agricultura Familiar (PEAAF), da Agroecologia e da Produção Orgânica;EN22;44;90;Orobó;A presente emenda visa a aquisição de retroescavadeira ao Instituto Agronômico de Pernambuco - IPA, a fim de doação à Associação dos P A Olho D Agua Seco e Figueira. CNPJ 01.276.308/0001-27;250000,0;SIM;
D;Dep. Claudiano Martins Filho;Secretaria de Desenvolvimento Agrário, Agricultura, Pecuária e Pesca - Administração Direta;80055;4145;Fomento à Atividade Agropecuária e ao Fortalecimento da Agricultura Familiar (PEAAF), da Agroecologia e da Produção Orgânica;;44;90;Itaíba;A presente emenda destina-se para a compra de veículos tipo passeio a serem doados para a Cooperativa dos Agricultores Familiares de Itaíba e das Regiões - COOFIR, portadora do CNPJ 05.531.224/0001-43, a serem utilizados para atender demandas da população na zona rural do município. ;100000,0;SIM;
D;Dep. Claudiano Martins Filho;Secretaria de Desenvolvimento Agrário, Agricultura, Pecuária e Pesca - Administração Direta;80055;4145;Fomento à Atividade Agropecuária e ao Fortalecimento da Agricultura Familiar (PEAAF), da Agroecologia e da Produção Orgânica;;44;90;Itaíba;A presente emenda destina-se para a compra de veículos tipo passeio a serem doados para a Cooperativa dos Agricultores Familiares de Itaíba e das Regiões - COOFIR, portadora do CNPJ 05.531.224/0001-43, a serem utilizados para atender demandas da população na zona rural do município. ;400000,0;SIM;
D;Dep. Sileno Guedes;Secretaria de Desenvolvimento Agrário, Agricultura, Pecuária e Pesca - Administração Direta;80076;4145;Fomento à Atividade Agropecuária e ao Fortalecimento da Agricultura Familiar (PEAAF), da Agroecologia e da Produção Orgânica;;44;50;Jaqueira;A presente emenda tem por objetivo a destinação de recursos voltados à aquisição de um veículo tipo Fiat Strada, para auxiliar na produção da agricultura familiar, destinado a Associação Comunitária dos Sítios Jussara e Palmerinha - CNPJ 13.238.198/0001-98;150000,0;SIM;
O;Dep. João Paulo;Fundação do Patrimônio Histórico e Artístico de Pernambuco - FUNDARPE;314;4178;Apoio à Preservação do Patrimônio e do Acervo de Entidades ligadas à Cultura;EMFV;44;50;Recife;Prover recursos orçamentários para a reforma que visa ampliar e renovar os espaços da sede da ECOM-BH- CNPJ 10.359.195/0001-14, para atender de forma mais eficiente a crescente demanda da comunidade.  Essas melhorias são essenciais para que a ECOM-BH continue seu trabalho de transformar a vida de crianças, jovens e adultos através da música, fortalecendo a identidade cultural da região e incentivando a formação de novos talentos. A reforma permitirá, ainda, expandir o atendimento e aprimorar as condições de ensino, beneficiando diretamente a comunidade da Bomba do Hemetério e bairros vizinhos, além de contribuir para a preservação da rica herança musical de Pernambuco.;105000,0;SIM;
O;Dep. Waldemar Borges;Fundação do Patrimônio Histórico e Artístico de Pernambuco - FUNDARPE;40041;4178;Apoio à Preservação do Patrimônio e do Acervo de Entidades ligadas à Cultura;ENGP;44;50;Água Preta;A presente emenda, no valor de R$ 100.000,00 (cem mil reais), será destinada a Entidade ASSOCIAÇÃO SOCIO AMBIENTAL E CULTURAL JACUÍPE - CNPJ 24.506.253/0001-08, para que a mesma possa realizar a manutenção e conservação por restauro do espaço em processo de tombamento pelo Estado de Pernambuco, do Projeto Usina de Arte, bem como a manutenção e conservação do espaço, localizado na antiga Usina Santa Terezinha no mesmo distrito, no Município de Água Preta - PE.;100000,0;SIM;
D;Dep. Waldemar Borges;Fundação do Patrimônio Histórico e Artístico de Pernambuco - FUNDARPE;80017;4178;Apoio à Preservação do Patrimônio e do Acervo de Entidades ligadas à Cultura;;33;50;Gravatá;A presente emenda, no valor de R$ 50.000,00 (cinquenta mil reais), será destinada a entidade A SAGA AUDIOVISUAL E CIDADANIA - CNPJ 07.435.604/0001-00, localizada na Cidade de Gravatá/PE, para desenvolver atividades culturais junto com o projeto, já desenvolvidos por eles que é o MUCA - MUSEU DE CINEMA DE ANIMAÇÃO LULA GONZAGA, no atendimento de jovens, adolescentes e crianças, população locação em geral e visitantes.;50000,0;SIM;
D;Dep. Waldemar Borges;Fundação do Patrimônio Histórico e Artístico de Pernambuco - FUNDARPE;80019;4178;Apoio à Preservação do Patrimônio e do Acervo de Entidades ligadas à Cultura;;44;50;Água Preta;A presente emenda, no valor de R$ 200.000,00 (duzentos mil reais), será destinada a Entidade ASSOCIAÇÃO SOCIO AMBIENTAL E CULTURAL JACUÍPE - CNPJ 24.506.253/0001-08, para que a mesma possa realizar a manutenção e conservação por restauro do espaço em processo de tombamento pelo Estado de Pernambuco, do Projeto Usina de Arte, bem como a manutenção e conservação do espaço, localizado na antiga Usina Santa Terezinha no mesmo distrito, no Município de Água Preta - PE. ;20000,0;SIM;
D;Dep. Waldemar Borges;Fundação do Patrimônio Histórico e Artístico de Pernambuco - FUNDARPE;80019;4178;Apoio à Preservação do Patrimônio e do Acervo de Entidades ligadas à Cultura;;44;50;Água Preta;A presente emenda, no valor de R$ 200.000,00 (duzentos mil reais), será destinada a Entidade ASSOCIAÇÃO SOCIO AMBIENTAL E CULTURAL JACUÍPE - CNPJ 24.506.253/0001-08, para que a mesma possa realizar a manutenção e conservação por restauro do espaço em processo de tombamento pelo Estado de Pernambuco, do Projeto Usina de Arte, bem como a manutenção e conservação do espaço, localizado na antiga Usina Santa Terezinha no mesmo distrito, no Município de Água Preta - PE. ;80000,0;SIM;
D;Dep. Waldemar Borges;Fundação do Patrimônio Histórico e Artístico de Pernambuco - FUNDARPE;80019;4178;Apoio à Preservação do Patrimônio e do Acervo de Entidades ligadas à Cultura;;44;50;Água Preta;A presente emenda, no valor de R$ 200.000,00 (duzentos mil reais), será destinada a Entidade ASSOCIAÇÃO SOCIO AMBIENTAL E CULTURAL JACUÍPE - CNPJ 24.506.253/0001-08, para que a mesma possa realizar a manutenção e conservação por restauro do espaço em processo de tombamento pelo Estado de Pernambuco, do Projeto Usina de Arte, bem como a manutenção e conservação do espaço, localizado na antiga Usina Santa Terezinha no mesmo distrito, no Município de Água Preta - PE. ;55000,0;SIM;
O;Dep. Fabrízio Ferraz;Fundo Estadual de Saúde - FES-PE - Administração Direta;30073;4217;Ações de Atenção Primária e das Políticas Estratégicas;ENBB;33;50;Jaboatão dos Guararapes;Emenda destinada para garantir atendimentos oftalmológicos , bem como, distribuição de óculos para população, para execução pelo Projeto Social Restauração Plena, CNPJ  25.532.279.0001-85;300000,0;SIM;
O;Dep. João Paulo;Fundo Estadual de Saúde - FES-PE - Administração Direta;471;4217;Ações de Atenção Primária e das Políticas Estratégicas;EMK8;33;50;Recife;Prover recursos financeiros para a formação dos profissionais e familiares das Crianças e Adolescentes com Transtorno do Espectro Autista (TEA) atendidos pela Escola Pernambucana de Circo- Grande Circo Arraial – CNPJ 01.870.231/0001-19 nas cidades de Recife, Jaboatão dos Guararapes e Cabo de Santo Agostinho,  cujos objetivos é a promoção da inclusão social de crianças e adolescentes com diagnóstico de TEA por meio de oficinas de Artes Circenses e ações de Saúde, através de Práticas Integrativas e facilitação de Grupos Informativos e Terapêuticos para familiares que, na maioria das vezes, não encontram espaços de fala e/ou de acolhimento para suas dúvidas e angústias em relação ao diagnóstico e o processo de cuidar daquelas crianças e adolescentes com TEA. ;150000,0;SIM;
O;Dep. Joaquim Lira;Fundo Estadual de Saúde - FES-PE - Administração Direta;70058;4217;Ações de Atenção Primária e das Políticas Estratégicas;ENPS;33;50;Olinda;Atendimentos de saude de crianças, jovens e adultos por intermédio do CENTRO DE ASSISTÊNCIA SOCIAL SANDRA MORAES, CNPJ nº 14.879.742/0001-43;70000,0;SIM;
O;Dep. Nino de Enoque;Fundo Estadual de Saúde - FES-PE - Administração Direta;60082;4217;Ações de Atenção Primária e das Políticas Estratégicas;ENNJ;33;50;Moreno;Visa Melhorar a Saúde da população de Moreno, inscrito sobre o CNPJ: 35.667.831/0002-87 - instituto Gestão Social de Pernambuco ;150000,0;SIM;
O;Dep. Nino de Enoque;Fundo Estadual de Saúde - FES-PE - Administração Direta;50108;4217;Ações de Atenção Primária e das Políticas Estratégicas;ENKY;33;50;Recife;A emenda visa colaborar com o bem estar e a saúde do povo de Recife CNPJ: 30.956.784/0001-97;80000,0;SIM;
O;Dep. Nino de Enoque;Fundo Estadual de Saúde - FES-PE - Administração Direta;80021;4217;Ações de Atenção Primária e das Políticas Estratégicas;;33;50;Moreno;A emenda visa colaborar com a saúde e bem estar da população de Moreno -  CAS - Centro de Assistência Social Sandra Moraes - CNPJ: 14.879.742/0001-43;418200,0;SIM;
O;Dep. Nino de Enoque;Fundo Estadual de Saúde - FES-PE - Administração Direta;80050;4217;Ações de Atenção Primária e das Políticas Estratégicas;;33;50;Jaboatão dos Guararapes;A emenda visa colaborar com a saúde e bem estar da população de Jaboatão dos Guararapes - CAS - Centro de Assistência Social Sandra Moares -  CNPJ: 14.879.742/0001-43;338200,0;SIM;
O;Dep. Nino de Enoque;Fundo Estadual de Saúde - FES-PE - Administração Direta;80050;4217;Ações de Atenção Primária e das Políticas Estratégicas;;33;50;Jaboatão dos Guararapes;A emenda visa colaborar com a saúde e bem estar da população de Jaboatão dos Guararapes - CAS - Centro de Assistência Social Sandra Moares -  CNPJ: 14.879.742/0001-43;80000,0;SIM;
D;Dep. Fabrízio Ferraz;Fundo Estadual de Saúde - FES-PE - Administração Direta;80094;4217;Ações de Atenção Primária e das Políticas Estratégicas;;33;50;Recife;Emenda destinada para garantir atendimentos oftalmológicos , bem como, distribuição de óculos para população, para execução pela Agencia Brasileira de Desenvolvimento Economico e Social dos Municipios, CNPJ  07.575.730/0001-60;300000,0;SIM;
D;Dep. France Hacker;Fundo Estadual de Saúde - FES-PE - Administração Direta;80061;4217;Ações de Atenção Primária e das Políticas Estratégicas;;33;50;Recife;A presente Emenda Parlamentar visa atender as ações da população pernambucana através da Associação Beneficente Mensageiros da Ordem e do Direito, portadora do CNPJ nº 11.024.163/0001-20.;30000,0;SIM;
D;Dep. France Hacker;Fundo Estadual de Saúde - FES-PE - Administração Direta;80061;4217;Ações de Atenção Primária e das Políticas Estratégicas;;33;50;Recife;A presente Emenda Parlamentar visa atender as ações da população pernambucana através da Associação Beneficente Mensageiros da Ordem e do Direito, portadora do CNPJ nº 11.024.163/0001-20.;50000,0;SIM;
D;Dep. João Paulo;Fundo Estadual de Saúde - FES-PE - Administração Direta;80064;4217;Ações de Atenção Primária e das Políticas Estratégicas;;33;50;Olinda;Prover recursos orçamentários para a realização de formação em práticas integrativas, saberes culturais e ancestrais voltados para a saúde mental das famílias que têm crianças e adolescentes com o Espectro Autista (TEA) do Quilombo de Xambá, por meio no Instituto de Cultura e Economia Solidária Maria Luiza- CNPJ 23.862.700/0001-90. ;150000,0;SIM;
D;Dep. Joaquim Lira;Fundo Estadual de Saúde - FES-PE - Administração Direta;80030;4217;Ações de Atenção Primária e das Políticas Estratégicas;;33;50;Olinda;Atendimentos de saúde em geral de crianças, jovens e adultos por intermédio da ASSOCIAÇÃO SATÉLITE ARTÍSTICO E CULTURAL CNPJ nº. 08.955.365/0001-81;70000,0;SIM;
D;Dep. Nino de Enoque;Fundo Estadual de Saúde - FES-PE - Administração Direta;80021;4217;Ações de Atenção Primária e das Políticas Estratégicas;;33;50;Moreno;A emenda visa colaborar com a saúde e bem estar da população de Moreno -  CAS - Centro de Assistência Social Sandra Moraes - CNPJ: 14.879.742/0001-43;150000,0;SIM;
D;Dep. Nino de Enoque;Fundo Estadual de Saúde - FES-PE - Administração Direta;80021;4217;Ações de Atenção Primária e das Políticas Estratégicas;;33;50;Moreno;A emenda visa colaborar com a saúde e bem estar da população de Moreno -  CAS - Centro de Assistência Social Sandra Moraes - CNPJ: 14.879.742/0001-43;60000,0;SIM;
D;Dep. Nino de Enoque;Fundo Estadual de Saúde - FES-PE - Administração Direta;80021;4217;Ações de Atenção Primária e das Políticas Estratégicas;;33;50;Moreno;A emenda visa colaborar com a saúde e bem estar da população de Moreno -  CAS - Centro de Assistência Social Sandra Moraes - CNPJ: 14.879.742/0001-43;80000,0;SIM;
D;Dep. Nino de Enoque;Fundo Estadual de Saúde - FES-PE - Administração Direta;80021;4217;Ações de Atenção Primária e das Políticas Estratégicas;;33;50;Moreno;A emenda visa colaborar com a saúde e bem estar da população de Moreno -  CAS - Centro de Assistência Social Sandra Moraes - CNPJ: 14.879.742/0001-43;128200,0;SIM;
D;Dep. Nino de Enoque;Fundo Estadual de Saúde - FES-PE - Administração Direta;80050;4217;Ações de Atenção Primária e das Políticas Estratégicas;;33;50;Jaboatão dos Guararapes;A emenda visa colaborar com a saúde e bem estar da população de Jaboatão dos Guararapes - CAS - Centro de Assistência Social Sandra Moares -  CNPJ: 14.879.742/0001-43;418200,0;SIM;
D;Dep. Nino de Enoque;Fundo Estadual de Saúde - FES-PE - Administração Direta;80079;4217;Ações de Atenção Primária e das Políticas Estratégicas;;33;50;Jaboatão dos Guararapes;A emenda visa colaborar com a saúde e bem estar da população de Jaboatão dos Guararapes - CAS - Centro de Assistência Social Sandra Moares -  CNPJ: 14.879.742/0001-43;150000,0;SIM;
O;Dep. Joel da Harpa;Secretaria de Defesa Social - Administração Direta;549;4223;Melhoria da Infraestrutura das Unidades de Segurança Pública;EMMC;44;90;Petrolina;Emenda Destinada para reforma e ampliação do Grêmio do CBMPE de Petrolina;100000,0;SIM;
O;Dep. Renato Antunes;Secretaria de Defesa Social - Administração Direta;1158;4223;Melhoria da Infraestrutura das Unidades de Segurança Pública;EN2R;44;90;Recife;Aquisição de equipamentos e melhoria nas instalações do CORPO DE BOMBEIROS MILITAR DE PERNAMBUCO, inscrito sob o CNPJ: 00.358.773/0001-44.;80000,0;SIM;
D;Dep. Joel da Harpa;Secretaria de Defesa Social - Administração Direta;80043;4223;Melhoria da Infraestrutura das Unidades de Segurança Pública;;33;90;Petrolina;Emenda destinada para reforma e ampliação do Grêmio do CBMPE de Petrolina ;100000,0;SIM;
D;Dep. Renato Antunes;Secretaria de Defesa Social - Administração Direta;80105;4223;Melhoria da Infraestrutura das Unidades de Segurança Pública;;44;90;Recife;Destina-se à melhoria da DIRETORIA DE ARTICULACAO SOCIAL EDIREITOS HUMANOS-DASDH, inscrita no CNPJ: 11.433.190/0080-50.;80000,0;SIM;
O;Dep. João Paulo;Fundação do Patrimônio Histórico e Artístico de Pernambuco - FUNDARPE;325;4413;Valorização da Cultura Local e Descentralização das Ações Culturais;EMG6;33;50;Aliança;Prover recursos orçamentários para formação e valorização dos saberes populares dos mestres da cultura popular que fomentam o Maracatu de Baque Solto em Pernambuco, através da oficina Mestres do Apito por meio da Associação de Maracatus de Baque Solto de PE - AMBS CNPJ: 12.813.333/0001-19 ;45000,0;SIM;
O;Dep. João Paulo;Fundação do Patrimônio Histórico e Artístico de Pernambuco - FUNDARPE;338;4413;Valorização da Cultura Local e Descentralização das Ações Culturais;EMGJ;33;50;Limoeiro;Prover recursos orçamentários para a promoção da cultura e dos direitos humanos, com foco na conscientização sobre a discriminação racial e na valorização da diversidade étnica e cultural. Através de formações direcionadas para toda a comunidade, busca-se fomentar um ambiente inclusivo e acolhedor, promovendo a igualdade e o respeito entre todos. Além disso, o projeto visa fortalecer a cultura afro-indígena, integrando suas tradições e contribuições ao contexto educacional e social, contribuindo assim para a construção de uma sociedade mais justa e inclusiva, por meio da  ORGANIZACAO RELIGIOSA AFRO-INDIGENA PALACIO DE YEMANJA - TRADICAO TCHAMBA – CNPJ: 49.423.364/0001-73 ;20000,0;SIM;
O;Dep. Luciano Duque;Fundação do Patrimônio Histórico e Artístico de Pernambuco - FUNDARPE;40122;4413;Valorização da Cultura Local e Descentralização das Ações Culturais;ENE7;44;50;São José do Belmonte;Emenda destinada para realização da Cavalgada à Pedra do Reino como valorização da cultura local do município de São José do Belmonte realizado pela Associação Cultura da Pedra do Reino inscrita no CNPJ 00.788.749/0001-45;100000,0;SIM;
D;Dep. Dani Portela;Fundação do Patrimônio Histórico e Artístico de Pernambuco - FUNDARPE;80031;4413;Valorização da Cultura Local e Descentralização das Ações Culturais;;33;50;Recife;Confecção de novas alegorias para a agremiação. A ser executado por: GREMIO RECREATIVO CULTURAL ESCOLA DE SAMBA GALERIA DO RITMO (CNPJ: 08.797.631/0001-95).;60000,0;SIM;
D;Dep. João Paulo;Fundação do Patrimônio Histórico e Artístico de Pernambuco - FUNDARPE;80045;4413;Valorização da Cultura Local e Descentralização das Ações Culturais;;33;50;Recife; Prover recursos orçamentários para a realização do Módulo II do projeto Notas de Alegria: Musicalização Infantil na ECOMBH - CNPJ 10.359.195/0001-14,coordenado pelo Maestro Forró, destinado a crianças de 7 a 12 anos que participaram do Módulo I, com aulas semanais e vivências com mestres da cultura popular e músicos da Orquestra Popular da Bomba do Hemetério.;105000,0;SIM;
O;Dep. Claudiano Martins Filho;Secretaria de Planejamento, Gestão e Desenvolvimento Regional - Administração Direta;60076;4424;Transferências especiais;ENMA;44;40;Águas Belas;Transferência Especial.;100000,0;SIM;
O;Dep. Claudiano Martins Filho;Secretaria de Planejamento, Gestão e Desenvolvimento Regional - Administração Direta;60076;4424;Transferências especiais;ENMA;44;40;Águas Belas;Transferência Especial.;400000,0;SIM;
O;Dep. Débora Almeida;Secretaria de Planejamento, Gestão e Desenvolvimento Regional - Administração Direta;426;4424;Transferências especiais;EMIZ;44;40;Lajedo;Transferência Especial.;250000,0;SIM;
O;Dep. Eriberto Filho;Secretaria de Planejamento, Gestão e Desenvolvimento Regional - Administração Direta;421;4424;Transferências especiais;EMIU;44;40;São João;Transferência Especial.;100000,0;SIM;
O;Dep. Eriberto Filho;Secretaria de Planejamento, Gestão e Desenvolvimento Regional - Administração Direta;421;4424;Transferências especiais;EMIU;44;40;São João;Transferência Especial.;100000,0;SIM;
O;Dep. Eriberto Filho;Secretaria de Planejamento, Gestão e Desenvolvimento Regional - Administração Direta;421;4424;Transferências especiais;EMIU;44;40;São João;Transferência Especial.;300000,0;SIM;
O;Dep. France Hacker;Secretaria de Planejamento, Gestão e Desenvolvimento Regional - Administração Direta;20046;4424;Transferências especiais;EN8I;44;40;Altinho;Transferência Especial.;130000,0;SIM;
O;Dep. Jarbas Filho;Secretaria de Planejamento, Gestão e Desenvolvimento Regional - Administração Direta;222;4424;Transferências especiais;EMDP;44;40;Bodocó;Transferência Especial.;130000,0;SIM;
O;Dep. Jarbas Filho;Secretaria de Planejamento, Gestão e Desenvolvimento Regional - Administração Direta;80072;4424;Transferências especiais;;33;40;Itaíba;Transferência Especial.;130000,0;SIM;
O;Dep. Jarbas Filho;Secretaria de Planejamento, Gestão e Desenvolvimento Regional - Administração Direta;215;4424;Transferências especiais;EMDI;44;40;Itaíba;Transferência Especial.;130000,0;SIM;
O;Dep. Jeferson Timóteo;Secretaria de Planejamento, Gestão e Desenvolvimento Regional - Administração Direta;30055;4424;Transferências especiais;EN9E;44;40;Itaquitinga;Transferência Especial.;200000,0;SIM;
O;Dep. Jeferson Timóteo;Secretaria de Planejamento, Gestão e Desenvolvimento Regional - Administração Direta;30055;4424;Transferências especiais;EN9E;44;40;Itaquitinga;Transferência Especial.;200000,0;SIM;
O;Dep. Jeferson Timóteo;Secretaria de Planejamento, Gestão e Desenvolvimento Regional - Administração Direta;30055;4424;Transferências especiais;EN9E;44;40;Itaquitinga;Transferência Especial.;100000,0;SIM;
O;Dep. Nino de Enoque;Secretaria de Planejamento, Gestão e Desenvolvimento Regional - Administração Direta;70016;4424;Transferências especiais;ENQ9;44;40;Amaraji;Transferência Especial.;330000,0;SIM;
O;Dep. Nino de Enoque;Secretaria de Planejamento, Gestão e Desenvolvimento Regional - Administração Direta;70017;4424;Transferências especiais;ENQA;44;40;Sirinhaém;Transferência Especial.;456000,0;SIM;
O;Dep. Nino de Enoque;Secretaria de Planejamento, Gestão e Desenvolvimento Regional - Administração Direta;80053;4424;Transferências especiais;;44;40;Sirinhaém;Transferência Especial.;400000,0;SIM;
O;Dep. Nino de Enoque;Secretaria de Planejamento, Gestão e Desenvolvimento Regional - Administração Direta;80053;4424;Transferências especiais;;44;40;Sirinhaém;Transferência Especial.;76000,0;SIM;
O;Dep. Renato Antunes;Secretaria de Planejamento, Gestão e Desenvolvimento Regional - Administração Direta;60066;4424;Transferências especiais;ENNN;44;40;Carpina;Transferência Especial.;100000,0;SIM;
O;Dep. Renato Antunes;Secretaria de Planejamento, Gestão e Desenvolvimento Regional - Administração Direta;80081;4424;Transferências especiais;;44;40;Bezerros;Transferência Especial.;100000,0;SIM;
D;Dep. Adalto Santos;Secretaria de Planejamento, Gestão e Desenvolvimento Regional - Administração Direta;80008;4424;Transferências especiais;;44;40;Olinda;Transferência Especial.;270000,0;SIM;
D;Dep. Adalto Santos;Secretaria de Planejamento, Gestão e Desenvolvimento Regional - Administração Direta;80010;4424;Transferências especiais;;44;40;Paulista;Transferência Especial.;86400,0;SIM;
D;Dep. Aglailson Victor;Secretaria de Planejamento, Gestão e Desenvolvimento Regional - Administração Direta;80007;4424;Transferências especiais;;44;40;Serrita;Transferência Especial.;120000,0;SIM;
D;Dep. Cléber Chaparral;Secretaria de Planejamento, Gestão e Desenvolvimento Regional - Administração Direta;80096;4424;Transferências especiais;;44;40;Casinhas;Transferência Especial.;70000,0;SIM;
D;Dep. Eriberto Filho;Secretaria de Planejamento, Gestão e Desenvolvimento Regional - Administração Direta;80086;4424;Transferências especiais;;44;40;Buíque;Transferência Especial.;100000,0;SIM;
D;Dep. Eriberto Filho;Secretaria de Planejamento, Gestão e Desenvolvimento Regional - Administração Direta;80088;4424;Transferências especiais;;44;40;Pesqueira;Transferência Especial.;300000,0;SIM;
D;Dep. France Hacker;Secretaria de Planejamento, Gestão e Desenvolvimento Regional - Administração Direta;80060;4424;Transferências especiais;;44;40;Barreiros;Transferência Especial.;130000,0;SIM;
D;Dep. Jarbas Filho;Secretaria de Planejamento, Gestão e Desenvolvimento Regional - Administração Direta;80072;4424;Transferências especiais;;33;40;Itaíba;Transferência Especial.;130000,0;SIM;
D;Dep. Jarbas Filho;Secretaria de Planejamento, Gestão e Desenvolvimento Regional - Administração Direta;80073;4424;Transferências especiais;;44;40;Agrestina;Transferência Especial.;200000,0;SIM;
D;Dep. Jarbas Filho;Secretaria de Planejamento, Gestão e Desenvolvimento Regional - Administração Direta;80074;4424;Transferências especiais;;44;40;Buíque;Transferência Especial.;120000,0;SIM;
D;Dep. Jarbas Filho;Secretaria de Planejamento, Gestão e Desenvolvimento Regional - Administração Direta;80083;4424;Transferências especiais;;33;40;Itaíba;Transferência Especial.;130000,0;SIM;
D;Dep. Jarbas Filho;Secretaria de Planejamento, Gestão e Desenvolvimento Regional - Administração Direta;80101;4424;Transferências especiais;;44;40;Bodocó;Transferência Especial.;130000,0;SIM;
D;Dep. Jeferson Timóteo;Secretaria de Planejamento, Gestão e Desenvolvimento Regional - Administração Direta;80065;4424;Transferências especiais;;44;40;Amaraji;Transferência Especial.;200000,0;SIM;
D;Dep. Jeferson Timóteo;Secretaria de Planejamento, Gestão e Desenvolvimento Regional - Administração Direta;80065;4424;Transferências especiais;;44;40;Amaraji;Transferência Especial.;200000,0;SIM;
D;Dep. Luciano Duque;Secretaria de Planejamento, Gestão e Desenvolvimento Regional - Administração Direta;80071;4424;Transferências especiais;;44;40;Santa Cruz da Baixa Verde;Transferência Especial.;100000,0;SIM;
D;Dep. Nino de Enoque;Secretaria de Planejamento, Gestão e Desenvolvimento Regional - Administração Direta;80018;4424;Transferências especiais;;44;40;Amaraji;Transferência Especial.;330000,0;SIM;
D;Dep. Nino de Enoque;Secretaria de Planejamento, Gestão e Desenvolvimento Regional - Administração Direta;80053;4424;Transferências especiais;;44;40;Sirinhaém;Transferência Especial.;20000,0;SIM;
D;Dep. Nino de Enoque;Secretaria de Planejamento, Gestão e Desenvolvimento Regional - Administração Direta;80053;4424;Transferências especiais;;44;40;Sirinhaém;Transferência Especial.;456000,0;SIM;
D;Dep. Nino de Enoque;Secretaria de Planejamento, Gestão e Desenvolvimento Regional - Administração Direta;80075;4424;Transferências especiais;;44;40;Sirinhaém;Transferência Especial.;400000,0;SIM;
D;Dep. Renato Antunes;Secretaria de Planejamento, Gestão e Desenvolvimento Regional - Administração Direta;80081;4424;Transferências especiais;;44;40;Bezerros;Transferência Especial.;50000,0;SIM;
D;Dep. Renato Antunes;Secretaria de Planejamento, Gestão e Desenvolvimento Regional - Administração Direta;80081;4424;Transferências especiais;;44;40;Bezerros;Transferência Especial.;189600,0;SIM;
O;Dep. Dani Portela;Secretaria de Educação e Esportes - Administração Direta;50011;4450;Fortalecimento da Política Educacional em Direitos Humanos, Diversidade, Cidadania e Saúde;ENKX;33;50;Recife;Fortalecimento das ações realizadas na Semana SER NEGRA 2025, uma iniciativa que tem o objetivo de debater o reconhecimento e valorização da história e cultura dos afro-brasileiros, com destaque para as mulheres negras. A ser executada por: Fundação de Apoio ao Desenvolvimento da Universidade Federal de Pernambuco - Fade-UFPE (CNPJ:11.735.586/0001-59).;60000,0;SIM;
O;Dep. Dani Portela;Secretaria de Educação e Esportes - Administração Direta;103;4450;Fortalecimento da Política Educacional em Direitos Humanos, Diversidade, Cidadania e Saúde;EMAO;33;20;Recife;Realizar a terceira edição da Olimpíada Brasileira de Direitos Humanos - OBDH 2024, que tem por objetivo promover a popularização e democratização do acesso à Declaração Universal dos Direitos Humanos. A ser executada por: Instituto Federal de Pernambuco - IFPE/ Campus Recife (CNPJ: 10.767.239/0001-45).;200000,0;SIM;
D;Dep. Dani Portela;Secretaria de Educação e Esportes - Administração Direta;80033;4450;Fortalecimento da Política Educacional em Direitos Humanos, Diversidade, Cidadania e Saúde;;33;50;Recife;Emenda para o fortalecimento das ações realizadas na Semana SER NEGRA 2025, uma iniciativa que tem o objetivo de debater o reconhecimento e valorização da história ecultura dos afro-brasileiros, com destaque para as mulheres negras. A emenda destina-se ao Instituto Federal de Educação, Ciência e Tecnologia de Pernambuco - IFPE, CNPJ 10.767.239/0001-45, com a interveniência da Fundação de Apoio ao Desenvolvimento da Universidade Federal de Pernambuco - Fade-UFPE (CNPJ:11.735.586/0001-59).;60000,0;SIM;
D;Dep. Dani Portela;Secretaria de Educação e Esportes - Administração Direta;80034;4450;Fortalecimento da Política Educacional em Direitos Humanos, Diversidade, Cidadania e Saúde;;33;50;Recife;Emenda para financiamento da Olimpíada Brasileira de Direitos Humanos, projeto de extensão do IFPE, campus Recife. Desta forma, contribuindo para a popularização da Declaração Universal de Direitos Humanos, história  e temas abordados. A emenda destina-se ao Instituto Federal de Educação, Ciência e Tecnologia de Pernambuco - IFPE, CNPJ 10.767.239/0001-45, com a interveniência da Fundação de Apoio ao Desenvolvimento da Universidade Federal de Pernambuco - Fade-UFPE (CNPJ:11.735.586/0001-59).;200000,0;SIM;
O;Dep. Jeferson Timóteo;Secretaria de Educação e Esportes - Administração Direta;50056;4532;Promoção e Desenvolvimento do Esporte Participativo;ENJD;33;50;Cortês;O recurso de R$ 2000.000,00 (duzentos mil reais) deverá ser destinado ao incentivo e expansão da prática esportiva, ampliando o acesso dos diferentes extratos da população ao esporte participativo, na realização do Festival Poliesportivo Participativo de Cortês, pela Federação do Esporte Escolar de Pernambuco, CNPJ n° 10.322.597/0001-44;100000,0;SIM;
O;Dep. Jeferson Timóteo;Secretaria de Educação e Esportes - Administração Direta;50056;4532;Promoção e Desenvolvimento do Esporte Participativo;ENJD;33;50;Cortês;O recurso de R$ 2000.000,00 (duzentos mil reais) deverá ser destinado ao incentivo e expansão da prática esportiva, ampliando o acesso dos diferentes extratos da população ao esporte participativo, na realização do Festival Poliesportivo Participativo de Cortês, pela Federação do Esporte Escolar de Pernambuco, CNPJ n° 10.322.597/0001-44;100000,0;SIM;
D;Dep. Jeferson Timóteo;Secretaria de Educação e Esportes - Administração Direta;80067;4532;Promoção e Desenvolvimento do Esporte Participativo;;33;50;Camaragibe;O recurso deverá ser destinado ao incentivo e expansão da prática esportiva, através da capacitação, formação e realização de eventos esportivos de boxe, pela LIGA PERNAMBUCANA DE BOXE LIPEBOXE, CNPJ nº 44.609.695/0001-89.;100000,0;SIM;
D;Dep. Jeferson Timóteo;Secretaria de Educação e Esportes - Administração Direta;80067;4532;Promoção e Desenvolvimento do Esporte Participativo;;33;50;Camaragibe;O recurso deverá ser destinado ao incentivo e expansão da prática esportiva, através da capacitação, formação e realização de eventos esportivos de boxe, pela LIGA PERNAMBUCANA DE BOXE LIPEBOXE, CNPJ nº 44.609.695/0001-89.;100000,0;SIM;
O;Dep. Gilmar Júnior;Fundo Estadual de Saúde - FES-PE - Administração Direta;20006;4553;Construção, Ampliação, Reforma e Equipagem de Unidades de Saúde;EN8W;44;50;Recife;VIABILIZAR A REQUALIFICAÇÃO DA SALA DE REPOUSO DOS PROFISSIONAIS DE ENFERMAGEM DO HOSPITAL DO CÂNCER DE PERNAMBUCO,  CNPJ: 10.894.988/0001-33.;100000,0;SIM;
O;Dep. Gilmar Júnior;Fundo Estadual de Saúde - FES-PE - Administração Direta;528;4553;Construção, Ampliação, Reforma e Equipagem de Unidades de Saúde;EMLS;44;50;Recife;Viabilizar a compra de equipamentos para a ampliação dos serviços oferecidos pela Associação de Assistência à Criança Deficiente - AACD, CNPJ Nº 60.979.457/0002-00.;10000,0;SIM;
O;Dep. Jarbas Filho;Fundo Estadual de Saúde - FES-PE - Administração Direta;243;4553;Construção, Ampliação, Reforma e Equipagem de Unidades de Saúde;EMEA;44;50;Agrestina;Aquisição de equipamentos e materiais permanentes para o Hospital Memorial Alzira Ribeiro, gerido pela Liga Nordestina de Assistência, Educação e Saúde de Pernambuco - LINASPE, CNPJ nº 35.673.300/0001-16, localizada no município de Agrestina/PE.  ;200000,0;SIM;
O;Dep. Jeferson Timóteo;Fundo Estadual de Saúde - FES-PE - Administração Direta;30054;4553;Construção, Ampliação, Reforma e Equipagem de Unidades de Saúde;EN9V;44;41;Garanhuns;O recurso deverá ser destinado a realização de investimentos no que tange a saúde do referido município. ;200000,0;SIM;
O;Dep. João Paulo;Fundo Estadual de Saúde - FES-PE - Administração Direta;50054;4553;Construção, Ampliação, Reforma e Equipagem de Unidades de Saúde;ENJH;44;50;Recife; A requalificação dos espaços esportivos, como a área aquática e a quadra, por meio do - Instituto Antônio Pessoa de Queiroz CNPJ 10.869.782.0008-20 é fundamental para promover o desenvolvimento integral das pessoas com deficiência visual atendidas pelo Instituto dos Cegos. Esses ambientes são essenciais para o estímulo motor, a socialização, o fortalecimento físico e o aumento da autonomia, contribuindo diretamente para a saúde física e emocional dos usuários. Além disso, ambientes acessíveis, seguros e adequadamente equipados garantem a inclusão efetiva, possibilitando que os beneficiários participem de atividades esportivas, terapêuticas e lúdicas de forma plena e digna. A requalificação desses espaços reforça o compromisso do Instituto com a qualidade do atendimento, a valorização da pessoa com deficiência e a construção de uma sociedade mais inclusiva. ;200000,0;SIM;
O;Dep. Junior Matuto;Fundo Estadual de Saúde - FES-PE - Administração Direta;747;4553;Construção, Ampliação, Reforma e Equipagem de Unidades de Saúde;EMRD;44;41;Paulista;Emenda destinada a Construção, Ampliação, Reforma e Equipagem de Unidades de Saúde para garantir a melhoria da qualidade do serviço das unidades de saúde prestado à população do Município do Paulista - PE. ;250000,0;SIM;
O;Dep. Junior Matuto;Fundo Estadual de Saúde - FES-PE - Administração Direta;747;4553;Construção, Ampliação, Reforma e Equipagem de Unidades de Saúde;EMRD;44;41;Paulista;Emenda destinada a Construção, Ampliação, Reforma e Equipagem de Unidades de Saúde para garantir a melhoria da qualidade do serviço das unidades de saúde prestado à população do Município do Paulista - PE. ;250000,0;SIM;
O;Dep. Luciano Duque;Fundo Estadual de Saúde - FES-PE - Administração Direta;60019;4553;Construção, Ampliação, Reforma e Equipagem de Unidades de Saúde;ENNB;44;50;Pesqueira;Emenda destinada para aquisição de uma ambulância UTI para o município de Pesqueira inscrita no CNPJ 10.488.181/0001-09.;498098,0;SIM;
O;Dep. Luciano Duque;Fundo Estadual de Saúde - FES-PE - Administração Direta;771;4553;Construção, Ampliação, Reforma e Equipagem de Unidades de Saúde;EMS1;44;50;Afogados da Ingazeira;Aquisição de um aparelho portátil de ultrasom para atender demandas do Hospital Regional Emília Câmara CNPJ n° 10.583.920/0010-24.;100000,0;SIM;
O;Dep. Pastor Júnior Tércio;Fundo Estadual de Saúde - FES-PE - Administração Direta;60010;4553;Construção, Ampliação, Reforma e Equipagem de Unidades de Saúde;ENNK;33;41;Camaragibe;Esta emenda destina-se a aquisição de um veículo para o referido município.;200000,0;SIM;
O;Dep. Renato Antunes;Fundo Estadual de Saúde - FES-PE - Administração Direta;1157;4553;Construção, Ampliação, Reforma e Equipagem de Unidades de Saúde;EN2Q;44;90;Recife;Realizar Ações de melhoria e ampliação no atendimento do Hospital da Restauração Gov. Paulo Guerra, inscrito sob o CNPJ: 10.572.048/0002-09.;100000,0;SIM;
O;Dep. Renato Antunes;Fundo Estadual de Saúde - FES-PE - Administração Direta;814;4553;Construção, Ampliação, Reforma e Equipagem de Unidades de Saúde;EMT7;44;50;Recife;Aquisição de equipamentos para a melhoria no atendimento a população no Instituto do Fígado de Pernambuco - IFP, Inscrito sob o CNPJ: 07.421.280/0001-50;131400,0;SIM;
D;Dep. Gilmar Júnior;Fundo Estadual de Saúde - FES-PE - Administração Direta;80039;4553;Construção, Ampliação, Reforma e Equipagem de Unidades de Saúde;;44;50;Recife;VIABILIZAR A COMPRA DE EQUIPAMENTOS PARA A AMPLIAÇÃO DE SERVIÇOS DO HOSPITAL DO CÂNCER DE PERNAMBUCO,  CNPJ: 10.894.988/0001-33.   ;100000,0;SIM;
D;Dep. Gilmar Júnior;Fundo Estadual de Saúde - FES-PE - Administração Direta;50010;4553;Construção, Ampliação, Reforma e Equipagem de Unidades de Saúde;ENIT;44;50;Palmares;VIABILIZAR A REQUALIFICAÇÃO DA SALA DE REPOUSO DOS PROFISSIONAIS DE ENFERMAGEM DO HOSPITAL REGIONAL DE PALMARES DR. SÍLVIO MAGALHÃES, CNPJ: 09.767.633.0004-47.;30000,0;SIM;
D;Dep. Gilmar Júnior;Fundo Estadual de Saúde - FES-PE - Administração Direta;586;4553;Construção, Ampliação, Reforma e Equipagem de Unidades de Saúde;EMN8;44;50;Recife;VIABILIZAR A COMPRA DE EQUIPAMENTOS PARA A AMPLIAÇÃO DOS SERVIÇOS OFERECIDOS ATRAVÉS DA  ONG CÍRCULO DO CORAÇÃO, CNPJ Nº 00.286.731/0001-45. ;10000,0;SIM;
D;Dep. Gilmar Júnior;Fundo Estadual de Saúde - FES-PE - Administração Direta;586;4553;Construção, Ampliação, Reforma e Equipagem de Unidades de Saúde;EMN8;44;50;Recife;VIABILIZAR A COMPRA DE EQUIPAMENTOS PARA A AMPLIAÇÃO DOS SERVIÇOS OFERECIDOS ATRAVÉS DA  ONG CÍRCULO DO CORAÇÃO, CNPJ Nº 00.286.731/0001-45. ;10000,0;SIM;
D;Dep. Gilmar Júnior;Fundo Estadual de Saúde - FES-PE - Administração Direta;586;4553;Construção, Ampliação, Reforma e Equipagem de Unidades de Saúde;EMN8;44;50;Recife;VIABILIZAR A COMPRA DE EQUIPAMENTOS PARA A AMPLIAÇÃO DOS SERVIÇOS OFERECIDOS ATRAVÉS DA  ONG CÍRCULO DO CORAÇÃO, CNPJ Nº 00.286.731/0001-45. ;10000,0;SIM;
D;Dep. Izaías Régis;Fundo Estadual de Saúde - FES-PE - Administração Direta;80035;4553;Construção, Ampliação, Reforma e Equipagem de Unidades de Saúde;;44;41;Arcoverde;Promover o Municipio de Arcoverde, garantindo melhoria na qualidade do atendimento de saúde com a compra de ambulância para o referido municipio;526400,0;SIM;
D;Dep. Jarbas Filho;Fundo Estadual de Saúde - FES-PE - Administração Direta;186;4553;Construção, Ampliação, Reforma e Equipagem de Unidades de Saúde;EMCP;44;50;Caruaru;Aquisição de um veículo passeio para ações de saúde complementar oferecida aos usuários do SUS pelo Instituto de Gestão Social - IGESPE, CNPJ nº 35.667.831/0001-04, com sede no município de Caruaru/PE.;50000,0;SIM;
D;Dep. João Paulo;Fundo Estadual de Saúde - FES-PE - Administração Direta;80051;4553;Construção, Ampliação, Reforma e Equipagem de Unidades de Saúde;;44;50;Recife;     Prover recursos orçamentário para equipar com aparelhos tecnológicos e materiais de acessibilidade e mobiliários para o Instituto Antônio Pessoa de Queiroz- IAPQ , CNPJ 10869782000820, para promover o desenvolvimento integral das pessoas com deficiência visual atendidas pelo Instituto dos Cegos. Esses ambientes são essenciais para o estímulo motor, a socialização e o aumento da autonomia, contribuindo diretamente para a saúde física e emocional dos usuários. Além disso, ambientes acessíveis, seguros e adequadamente equipados garantem a inclusão efetiva, possibilitando que os beneficiários participem de todas as atividades terapêuticas e lúdicas de forma plena e digna.;200000,0;SIM;
D;Dep. Joaquim Lira;Fundo Estadual de Saúde - FES-PE - Administração Direta;80032;4553;Construção, Ampliação, Reforma e Equipagem de Unidades de Saúde;;44;41;Aliança;Aquisição de veículo AMBULÂNCIA para atendimento à população do Município de ALIANÇA.;130000,0;SIM;
D;Dep. Luciano Duque;Fundo Estadual de Saúde - FES-PE - Administração Direta;80029;4553;Construção, Ampliação, Reforma e Equipagem de Unidades de Saúde;;44;41;Pesqueira;Emenda destinada para aquisição de uma ambulância UTI para o município de Pesqueira inscrita no CNPJ 10.488.181/0001-09.;498098,0;SIM;
D;Dep. Luciano Duque;Fundo Estadual de Saúde - FES-PE - Administração Direta;80042;4553;Construção, Ampliação, Reforma e Equipagem de Unidades de Saúde;;44;50;Afogados da Ingazeira;Aquisição de monitores de múltiplos parâmetros e poltronas hospitalares para atender as demandas do Hospital Regional Emília Câmara inscrito no CNPJ 10.583.920/0010-24.;100000,0;SIM;
D;Dep. Pastor Júnior Tércio;Fundo Estadual de Saúde - FES-PE - Administração Direta;80026;4553;Construção, Ampliação, Reforma e Equipagem de Unidades de Saúde;;44;41;Camaragibe;Esta emenda destina-se a aquisição de um veículo para o referido município;200000,0;SIM;
D;Dep. Rodrigo Farias;Fundo Estadual de Saúde - FES-PE - Administração Direta;80091;4553;Construção, Ampliação, Reforma e Equipagem de Unidades de Saúde;;44;41;Vertentes;Aquisição de veículo utilitário tipo furgão, com capacidade para transporte de pacientes e acompanhantes, destinado ao serviço de Transporte Fora do Domicílio (TFD), visando garantir o acesso a tratamentos médicos em outras localidades. CNPJ: 10.261.245/0001-26;150000,0;SIM;
D;Dep. Romero Sales Filho;Fundo Estadual de Saúde - FES-PE - Administração Direta;60089;4553;Construção, Ampliação, Reforma e Equipagem de Unidades de Saúde;ENOC;44;41;Gravatá;A emenda é destinada a melhorar o atendimento da população de Gravatá através da aquisição de uma ambulância para equipagem das unidades de saúde do município. ;25000,0;SIM;
D;Dep. Waldemar Borges;Fundo Estadual de Saúde - FES-PE - Administração Direta;80024;4553;Construção, Ampliação, Reforma e Equipagem de Unidades de Saúde;;33;41;São José do Egito;A presente emenda, no valor de R$ 200.000,00 (duzentos mil reais), será destinada a Prefeitura de São José do Egito, para aquisição de materiais e insumos que serão utilizados nos atendimentos das Unidades de Média e Alta Complexidade do Município de São José do Egito - PE.;200000,0;SIM;
O;Dep. Delegada Gleide Ângelo;Fundo Estadual de Saúde - FES-PE - Administração Direta;50061;4611;Garantia da Oferta de Procedimentos de Média e Alta Complexidade Ambulatorial e Hospitalar - Rede Complementar;ENKD;33;50;Goiana;A presente emenda tem por finalidade a realização de atividade de saúde integrativa e de bem estar para a população em situação de vulnerabilidade social do município de Goiana   por meio da instituição INSTITUTO CARLOS ALBERTO ALVES, CNPJ Nº 09.444.053/0002-57;200000,0;SIM;
O;Dep. Delegada Gleide Ângelo;Fundo Estadual de Saúde - FES-PE - Administração Direta;10111;4611;Garantia da Oferta de Procedimentos de Média e Alta Complexidade Ambulatorial e Hospitalar - Rede Complementar;EN45;33;50;Recife;A presente emenda tem por finalidade custear  serviços de atendimento à saúde integrativa para população em situação de vulnerabilidade social por meio DO MOVIMENTO SOCIAL E CULTURAL CORES DO AMANHÃ, CNPJ nº 13.449.687/0001-99;200000,0;SIM;
O;Dep. Joaquim Lira;Fundo Estadual de Saúde - FES-PE - Administração Direta;60011;4611;Garantia da Oferta de Procedimentos de Média e Alta Complexidade Ambulatorial e Hospitalar - Rede Complementar;ENN0;33;50;Petrolândia;Atendimentos de saude ambulatorial e cirúrgico de crianças, jovens e adultos por intermédio do INSTITUTO BENEFICENTE VALE DO SÃO FRANCISCO - IBVASF, inscrito no CNPJ nº. 35.445.998/0001-12 ;100000,0;SIM;
O;Dep. Nino de Enoque;Fundo Estadual de Saúde - FES-PE - Administração Direta;50076;4611;Garantia da Oferta de Procedimentos de Média e Alta Complexidade Ambulatorial e Hospitalar - Rede Complementar;ENKQ;44;50;Jaboatão dos Guararapes;Emenda destinada pra custear e para manter os procedimentos oftalmológicos para a população atravéz da ONG - MOVIMENTO COMUNITARIO MC - PROJETO SAUDE PARA TODOS CNPJ: 19.796.243/0001-06;60000,0;SIM;
O;Dep. Renato Antunes;Fundo Estadual de Saúde - FES-PE - Administração Direta;816;4611;Garantia da Oferta de Procedimentos de Média e Alta Complexidade Ambulatorial e Hospitalar - Rede Complementar;EMT9;44;50;Recife;Aquisição de equipamentos para a melhoria no atendimento a população no Hospital de Câncer de Pernambuco - HCP, inscrito sob o CNPJ: 10.894.988/0001-33. ;50000,0;SIM;
O;Dep. Renato Antunes;Fundo Estadual de Saúde - FES-PE - Administração Direta;816;4611;Garantia da Oferta de Procedimentos de Média e Alta Complexidade Ambulatorial e Hospitalar - Rede Complementar;EMT9;44;50;Recife;Aquisição de equipamentos para a melhoria no atendimento a população no Hospital de Câncer de Pernambuco - HCP, inscrito sob o CNPJ: 10.894.988/0001-33. ;50000,0;SIM;
O;Dep. Renato Antunes;Fundo Estadual de Saúde - FES-PE - Administração Direta;1154;4611;Garantia da Oferta de Procedimentos de Média e Alta Complexidade Ambulatorial e Hospitalar - Rede Complementar;EN2N;33;50;Recife;Realizar ações de melhoria na saúde da população, através da fundação Altino Ventura inscrita no CNPJ: 10.667.814/0001-38;50000,0;SIM;
O;Dep. Renato Antunes;Fundo Estadual de Saúde - FES-PE - Administração Direta;1154;4611;Garantia da Oferta de Procedimentos de Média e Alta Complexidade Ambulatorial e Hospitalar - Rede Complementar;EN2N;33;50;Recife;Realizar ações de melhoria na saúde da população, através da fundação Altino Ventura inscrita no CNPJ: 10.667.814/0001-38;50000,0;SIM;
O;Dep. Renato Antunes;Fundo Estadual de Saúde - FES-PE - Administração Direta;60032;4611;Garantia da Oferta de Procedimentos de Média e Alta Complexidade Ambulatorial e Hospitalar - Rede Complementar;ENNQ;33;50;Recife;Destina-se à melhoria no atendimento de procedimentos de média e alta complexidade pelo Grupo de Ajuda a Criança Carente com Câncer – GAC/PE, inscrito no CNPJ: 02.024.876/0001-01.;200000,0;SIM;
O;Dep. Waldemar Borges;Fundo Estadual de Saúde - FES-PE - Administração Direta;10078;4611;Garantia da Oferta de Procedimentos de Média e Alta Complexidade Ambulatorial e Hospitalar - Rede Complementar;EN77;33;50;Pesqueira;A presente emenda será destinada para o PODE - Portadores de Direitos Especiais - CNPJ 06.698.790/0001-07, no valor de R$ 160.000,00 (cento e sessenta mil reais) para custear a manutenção e realização de serviços de reabilitação junto às crianças portadoras de deficiência do Município de Pesqueira e Região.;50000,0;SIM;
O;Dep. Waldemar Borges;Fundo Estadual de Saúde - FES-PE - Administração Direta;40046;4611;Garantia da Oferta de Procedimentos de Média e Alta Complexidade Ambulatorial e Hospitalar - Rede Complementar;ENGS;33;50;Catende;A presente emenda, no valor de R$ 60.000,00 (sessenta mil reais ) será destinada a entidade INSTITUTO REVIVER BRASIL - CNPJ 08.720.669/0001-60, localizado na Cidade de Catende, e que realiza ações em Cidades do Estado de Pernambuco, para desenvolver atividades e atendimentos e serviços oftalmológicos a pacientes oriundos dos SUS, agindo de forma preventiva, ostensiva e assim atingir a diminuição de sequelas as doenças oftalmológicas, para a saúde das mulheres e seus familiares.;60000,0;SIM;
O;Dep. Waldemar Borges;Fundo Estadual de Saúde - FES-PE - Administração Direta;30156;4611;Garantia da Oferta de Procedimentos de Média e Alta Complexidade Ambulatorial e Hospitalar - Rede Complementar;ENCU;33;50;Catende;A presente emenda, no valor de R$ 90.000,00 (noventa ) será destinada a entidade INSTITUTO REVIVER BRASIL - CNPJ 08.720.669/0001-60, localizado na Cidade de Catende, e que realiza ações em Cidades do Estado de Pernambuco, para desenvolver atividades e atendimentos e serviços oftalmológicos a pacientes oriundos dos SUS, agindo de forma preventiva, ostensiva e assim atingir a diminuição de sequelas as doenças oftalmológicas, para a saúde das mulheres e seus familiares.;90000,0;SIM;
O;Dep. Waldemar Borges;Fundo Estadual de Saúde - FES-PE - Administração Direta;10078;4611;Garantia da Oferta de Procedimentos de Média e Alta Complexidade Ambulatorial e Hospitalar - Rede Complementar;EN77;33;50;Pesqueira;A presente emenda será destinada para o PODE - Portadores de Direitos Especiais - CNPJ 06.698.790/0001-07, no valor de R$ 160.000,00 (cento e sessenta mil reais) para custear a manutenção e realização de serviços de reabilitação junto às crianças portadoras de deficiência do Município de Pesqueira e Região.;110000,0;SIM;
O;Dep. Waldemar Borges;Fundo Estadual de Saúde - FES-PE - Administração Direta;80022;4611;Garantia da Oferta de Procedimentos de Média e Alta Complexidade Ambulatorial e Hospitalar - Rede Complementar;;33;50;Catende; A presente emenda, no valor de R$ 270.000,00 (duzentos e setenta  mil reais ) será destinada a entidade INSTITUTO DE APOIO A SAÚDE, EDUCAÇÃO E ESPORTES DE PERNAMBUCO - IASEE/PE - CNPJ 07.145./0001-20, localizado na Cidade de Jaboatão dos Guararapes - PE, e que realiza ações em Cidades do Estado de Pernambuco, para desenvolvendo atividades de atendimentos e serviços oftalmológicos a pacientes oriundos dos SUS, agindo de forma preventiva, corretiva, ostensiva e assim atingir a diminuição de sequelas as doenças oftalmológicas, para a saúde das mulheres e seus familiares. ;270000,0;SIM;
D;Dep. Delegada Gleide Ângelo;Fundo Estadual de Saúde - FES-PE - Administração Direta;80093;4611;Garantia da Oferta de Procedimentos de Média e Alta Complexidade Ambulatorial e Hospitalar - Rede Complementar;;33;50;Goiana;A presente emenda tem por finalidade a realização de atividade de saúde integrativa e de bem estar para a população em situação de vulnerabilidade social do município de Goiana   por meio da instituição ASSOCIAÇÃO DE DESENVOLVIMENTO E ASSISTÊNCIA SOCIAL DO CONDADO, com CNPJ nº 07.654.308/0001-08;200000,0;SIM;
D;Dep. Delegada Gleide Ângelo;Fundo Estadual de Saúde - FES-PE - Administração Direta;80095;4611;Garantia da Oferta de Procedimentos de Média e Alta Complexidade Ambulatorial e Hospitalar - Rede Complementar;;33;50;Recife;A presente emenda tem por finalidade custear  serviços de atendimento à saúde integrativa para população em situação de vulnerabilidade social por meio da instituição INSTITUTO DE GERENCIAMENTO DE CIDADES - IGC , com CNPJ nº 10.620.066/0001-38. ;200000,0;SIM;
D;Dep. Eriberto Filho;Fundo Estadual de Saúde - FES-PE - Administração Direta;80084;4611;Garantia da Oferta de Procedimentos de Média e Alta Complexidade Ambulatorial e Hospitalar - Rede Complementar;;33;50;Jaboatão dos Guararapes;Alocar recursos financeiros no valor de R$ 100.000,00 (cem mil reais), para o INSTITUTO BENEFICENTE DE SAÚDE RENASCER, com CNPJ: 09.122.182/0001-48 visando a melhoria na qualidade do atendimento à população carente do Município de Jaboatão dos Guararapes.;100000,0;SIM;
D;Dep. Eriberto Filho;Fundo Estadual de Saúde - FES-PE - Administração Direta;80099;4611;Garantia da Oferta de Procedimentos de Média e Alta Complexidade Ambulatorial e Hospitalar - Rede Complementar;;33;50;Jaboatão dos Guararapes;Alocar recursos financeiros no valor de R$ 60.000,00 (sessenta mil reais), para o INSTITUTO BENEFICENTE DE SAÚDE RENASCER, com CNPJ: 09.122.182/0001-48 visando a melhoria na qualidade do atendimento à população carente do Município de Jaboatão dos Guararapes.;60000,0;SIM;
D;Dep. Jeferson Timóteo;Fundo Estadual de Saúde - FES-PE - Administração Direta;80066;4611;Garantia da Oferta de Procedimentos de Média e Alta Complexidade Ambulatorial e Hospitalar - Rede Complementar;;33;50;Camaragibe;O recurso deverá ser utilizado no atendimento terapêutico e personalizado de Crianças Atípicas, mediante o oferecimento de sessões de equoterapia e terapias complementares, através da CASA DA COMUNIDADE CAMARA RICARDO PEDROSA, CNPJ nº 53.257.821/0001-74.;200000,0;SIM;
D;Dep. Joaquim Lira;Fundo Estadual de Saúde - FES-PE - Administração Direta;60011;4611;Garantia da Oferta de Procedimentos de Média e Alta Complexidade Ambulatorial e Hospitalar - Rede Complementar;ENN0;33;50;Petrolândia;Atendimentos de saude ambulatorial e cirúrgico de crianças, jovens e adultos por intermédio do INSTITUTO BENEFICENTE VALE DO SÃO FRANCISCO - IBVASF, inscrito no CNPJ nº. 35.445.998/0001-12 ;300000,0;SIM;
D;Dep. Junior Matuto;Fundo Estadual de Saúde - FES-PE - Administração Direta;80090;4611;Garantia da Oferta de Procedimentos de Média e Alta Complexidade Ambulatorial e Hospitalar - Rede Complementar;;33;50;Recife;Apoio aos procedimentos de média e alta complexidade, de forma complementar e suplementar à saúde pública, a ser executado pelo Instituto Carlos Carvalho - INSTITUTO VERITRA, inscrito sob o CNPJ: 07.621.798/0001-38.;250000,0;SIM;
D;Dep. Junior Matuto;Fundo Estadual de Saúde - FES-PE - Administração Direta;80092;4611;Garantia da Oferta de Procedimentos de Média e Alta Complexidade Ambulatorial e Hospitalar - Rede Complementar;;33;50;Recife;Apoio aos procedimentos de média e alta complexidade, de forma complementar e suplementar à saúde pública, a ser executado pelo Instituto Carlos Carvalho - INSTITUTO VERITRA, inscrito sob o CNPJ: 07.621.798/0001-38.;230000,0;SIM;
O;Dep. Joaquim Lira;Secretaria de Desenvolvimento Agrário, Agricultura, Pecuária e Pesca - Administração Direta;70059;4782;Programa de Aquisição de Maquinário;ENPT;33;90;Vitória de Santo Antão;Aquisição pela Secretaria de Desenvolvimento Agrário, agricultura, pecuária e pesca de uma grade de aradora hidráulica e microtratores com enxada rotativa, para doação ao INSTITUTO FEDERAL DE EDUCACAO, CIENCIA E TECNOLOGIA DE PERNAMBUCO - IFPE, Campus Vitória de Santo Antão, inscrita no CNPJ nº 10.767.239/0004-98.;60000,0;SIM;
O;Dep. Joaquim Lira;Secretaria de Desenvolvimento Agrário, Agricultura, Pecuária e Pesca - Administração Direta;80037;4782;Programa de Aquisição de Maquinário;;44;50;Caruaru;Aquisição pela Secretaria de Desenvolvimento Agrário e posterior doação de uma Plantadeira e uma Colhedora de forragem com cardan ao ASSOCIAÇÃO DOS PLANTADORES DE BATATINHA E MANDIOCA DE CARUARU, CNPJ nº. 08.863.052/0001-01, com o objetivo de fortalecimento da agricultura no município de Caruaru;80000,0;SIM;
D;Dep. Joaquim Lira;Secretaria de Desenvolvimento Agrário, Agricultura, Pecuária e Pesca - Administração Direta;80037;4782;Programa de Aquisição de Maquinário;;44;50;Caruaru;Aquisição pela Secretaria de Desenvolvimento Agrário e posterior doação de uma Plantadeira e uma Colhedora de forragem com cardan ao ASSOCIAÇÃO DOS PLANTADORES DE BATATINHA E MANDIOCA DE CARUARU, CNPJ nº. 08.863.052/0001-01, com o objetivo de fortalecimento da agricultura no município de Caruaru;80000,0;SIM;
D;Dep. Joaquim Lira;Secretaria de Desenvolvimento Agrário, Agricultura, Pecuária e Pesca - Administração Direta;80056;4782;Programa de Aquisição de Maquinário;;44;90;Vitória de Santo Antão;Aquisição pela Secretaria de Desenvolvimento Agrário, agricultura, pecuária e pesca de uma grade de aradora hidráulica e microtratores com enxada rotativa, para doação ao INSTITUTO FEDERAL DE EDUCACAO, CIENCIA E TECNOLOGIA DE PERNAMBUCO - IFPE, Campus Vitória de Santo Antão, inscrita no CNPJ nº 10.767.239/0004-98.;60000,0;SIM;
